n_elements,table_size,factor_carga,insert_time,search_time,delete_time,memory_usage,total_exec_time
100000,5000,20.0,0.12217233300907537,0.0016466660017613322,0.0016615420172456652,17.0625,14.375741208001273
